<?xml version="1.0" encoding="UTF-8"?>
<beans xmlns="http://www.springframework.org/schema/beans"
	xmlns:context="http://www.springframework.org/schema/context"
	xmlns:mvc="http://www.springframework.org/schema/mvc" xmlns:tx="http://www.springframework.org/schema/tx"
	xmlns:xsi="http://www.w3.org/2001/XMLSchema-instance"
	xsi:schemaLocation="http://www.springframework.org/schema/mvc
http://www.springframework.org/schema/mvc/spring-mvc.xsd
http://www.springframework.org/schema/beans
http://www.springframework.org/schema/beans/spring-beans.xsd
http://www.springframework.org/schema/context
http://www.springframework.org/schema/context/spring-context.xsd
http://www.springframework.org/schema/tx  
http://www.springframework.org/schema/tx/spring-tx.xsd">


	<context:component-scan base-package="orkut.DAO" />
	<context:component-scan base-package="orkut.controller" />


	<mvc:annotation-driven />


	<mvc:interceptors>
		<bean class="orkut.interceptor.AutorizaInterceptor" />
	</mvc:interceptors>

	<mvc:resources mapping="/resources/**" location="/resources/" />

	<bean id="multipartResolver"
		class="org.springframework.web.multipart.commons.CommonsMultipartResolver">
		<property name="maxUploadSize" value="500000" />
	</bean>

	<bean id="albumDAOHibernate" class="orkut.DAO.AlbumDAOHibernate" />

	<bean id="categoriaDAOHibernate" class="orkut.DAO.CategoriaDAOHibernate" />
	<bean id="forumDAOHibernate" class="orkut.DAO.ForumDAOHibernate" />
	<bean id="mensagemDAOHibernate" class="orkut.DAO.MensagemDAOHibernate" />

	<bean id="usuarioDAOHibernate" class="orkut.DAO.UsuarioDAOHibernate" />
	<bean id="comunidadeDAOHibernate" class="orkut.DAO.ComunidadeDAOHibernate" />
	<bean id="comentariosDAOHibernate" class="orkut.DAO.ComentariosDAOHibernate" />
	<bean id="fotosDAOHibernate" class="orkut.DAO.FotosDAOHibernate" />
	<bean id="orkutquixadaDAOHibernate" class="orkut.DAO.OrkutQuixadaDAOHibernate" />
	<bean id="amizadeDAOHibernate" class="orkut.DAO.AmizadeDAOHibernate" />

	<bean id="mysqlDataSource" class="org.apache.commons.dbcp.BasicDataSource">
		<property name="driverClassName" value="com.mysql.jdbc.Driver" />
		<property name="url" value="jdbc:mysql://localhost/orkutnovo" />
		<property name="username" value="root" />
		<property name="password" value="" />
	</bean>


	<bean
		class="org.springframework.web.servlet.view.InternalResourceViewResolver">
		<property name="prefix" value="/WEB-INF/views/" />
		<property name="suffix" value=".jsp" />
	</bean>

	<!-- gerenciamento de jpa pelo spring -->

	<bean id="entityManagerFactory"
		class="org.springframework.orm.jpa.LocalContainerEntityManagerFactoryBean">
		<property name="dataSource" ref="mysqlDataSource" />
		<property name="jpaVendorAdapter">
			<bean class="org.springframework.orm.jpa.vendor.HibernateJpaVendorAdapter" />
		</property>
	</bean>


	<!-- gerenciamento da transação pelo spring -->
	<bean id="transactionManager" class="org.springframework.orm.jpa.JpaTransactionManager">
		<property name="entityManagerFactory" ref="entityManagerFactory" />
	</bean>
	<tx:annotation-driven />

</beans>
